{"cameraMode":{"drawMode":0,"name":"Shaded","section":"Shading Mode"},"sceneLighting":true,"audioPlay":false,"sceneViewState":{"showFog":true,"showMaterialUpdate":false,"showSkybox":true,"showFlares":true,"showImageEffects":true,"showParticleSystems":true},"in2DMode":false,"pivot":{"x":238.49606323242188,"y":307.3782043457031,"z":0.23297119140625},"rotation":{"x":-0.0013988836435601116,"y":0.9985878467559815,"z":-0.034774377942085269,"w":-0.04016399383544922},"size":98.45975494384766,"orthographic":false}