{"cameraMode":{"drawMode":0,"name":"Shaded","section":"Shading Mode"},"sceneLighting":true,"audioPlay":false,"sceneViewState":{"showFog":true,"showMaterialUpdate":false,"showSkybox":true,"showFlares":true,"showImageEffects":true,"showParticleSystems":true},"in2DMode":false,"pivot":{"x":-0.04598987102508545,"y":0.37311768531799319,"z":-1.5155071020126343},"rotation":{"x":0.27563804388046267,"y":0.5452669262886047,"z":-0.195967897772789,"w":0.7670252919197083},"size":2.0778844356536867,"orthographic":false}