{"cameraMode":{"drawMode":0,"name":"Shaded","section":"Shading Mode"},"sceneLighting":true,"audioPlay":false,"sceneViewState":{"showFog":true,"showMaterialUpdate":false,"showSkybox":true,"showFlares":true,"showImageEffects":true,"showParticleSystems":true},"in2DMode":false,"pivot":{"x":0.06800040602684021,"y":2.696000099182129,"z":9.573001861572266},"rotation":{"x":0.043322041630744937,"y":-0.08680933713912964,"z":0.003777639241889119,"w":0.9952789545059204},"size":22.0,"orthographic":false}